"name","type","n","missing","unique","mean","median","mode","mode_value","sd","v","min","max","range","skew","skew_2se","kurt","kurt_2se","category","description"
"X","integer",5,0,5,3,3,3,NA,1.58113883008419,NA,1,5,4,0,0,-1.912,-0.478,NA,NA
"external_event","numeric",5,0,5,0.48881789756707,0.611638364946409,0.611638364946409,NA,0.774251039995675,NA,-0.416757667508707,1.57204651632468,1.98880418383339,0.158727465598499,0.0869386134039231,-1.79984366140431,-0.449960915351076,NA,NA
"healthy_development","numeric",5,0,5,-0.37970159378053,-1.35672588549248,-1.35672588549248,NA,1.78390476286225,NA,-1.89924595914562,1.99166528438083,3.89091124352645,0.338717691654294,0.185523320345136,-2.10523785227774,-0.526309463069435,NA,NA
"integration","numeric",5,0,5,-0.143569092870786,0.214511281970614,0.214511281970614,NA,0.979050520351914,NA,-1.38337634379529,1.00643726345159,2.38981360724688,-0.142752023624,-0.0781885034683754,-2.01073783018402,-0.502684457546006,NA,NA
"intrinsic_motivation","numeric",5,0,5,0.106283226413261,-0.0620306667543829,-0.0620306667543829,NA,0.551235998755503,NA,-0.402156146819921,0.889084396825179,1.2912405436451,0.350849496745611,0.192168183656906,-1.92455303410099,-0.481138258525248,NA,NA
"locus_of_causality","numeric",5,0,5,-0.537552675828557,-0.358550714941795,-0.358550714941795,NA,0.81223749875064,NA,-1.81213162096118,0.395916487207755,2.20804810816893,-0.457823441888015,-0.250760226476721,-1.43388878580434,-0.358472196451085,NA,NA
"needs","numeric",5,0,5,-0.120747847708778,-0.170481613608698,-0.170481613608698,NA,0.445593398975371,NA,-0.713726941176649,0.430828501456972,1.14455544263362,-0.051138672254464,-0.0280098043546335,-1.85077992479159,-0.462694981197898,NA,NA
"wellbeing","numeric",5,0,5,0.32408851003732,0.363670037236178,0.363670037236178,NA,0.715648513249417,NA,-0.583185586925475,1.39850207842686,1.98168766535233,0.259937608767306,0.142373691865806,-1.4638949409017,-0.365973735225425,NA,NA
