"X","external_event","healthy_development","integration","intrinsic_motivation","locus_of_causality","needs","wellbeing"
1,-0.416757667508707,-1.89924595914562,1.00643726345159,-0.402156146819921,-0.677656714370682,-0.713726941176649,0.375916431963713
2,0.753418642297866,-1.35672588549248,0.358810825768552,-0.0620306667543829,-0.235340816076885,-0.170481613608698,-0.583185586925475
3,0.611638364946409,1.06753907796365,-0.914228491749397,0.447088927327645,0.395916487207755,-0.33181830303178,0.065539589485324
4,1.57204651632468,1.99166528438083,0.214511281970614,0.889084396825179,-1.81213162096118,0.430828501456972,0.363670037236178
5,-0.0762563682248992,-1.70174048660903,-1.38337634379529,-0.340570378512217,-0.358550714941795,0.181459117816266,1.39850207842686
