"X","external_event","healthy_development","integration","intrinsic_motivation","locus_of_causality","needs","wellbeing"
3,0.504068731910968,-0.394551151285882,-0.156055320632904,0.116101442910921,-0.49807094467095,-0.115032528928444,0.333228387686903
2,0.504068731910968,-0.394551151285882,-0.156055320632904,0.116101442910921,-0.49807094467095,-0.115032528928444,0.333228387686903
1,0.504068731910968,-0.394551151285882,-0.156055320632904,0.116101442910921,-0.49807094467095,-0.115032528928444,0.333228387686903
1,0.504068731910968,-0.394551151285882,-0.156055320632904,0.116101442910921,-0.49807094467095,-0.115032528928444,0.333228387686903
1,0.504068731910968,-0.394551151285882,-0.156055320632904,0.116101442910921,-0.49807094467095,-0.115032528928444,0.333228387686903
