"X","external_event","healthy_development","integration","intrinsic_motivation","locus_of_causality","needs","wellbeing"
4,0.51007961735587,-0.34297540073544,-0.137392410193379,0.108327267194679,-0.542657169388701,-0.113785801877741,0.358995375228001
4,0.51007961735587,-0.34297540073544,-0.137392410193379,0.108327267194679,-0.542657169388701,-0.113785801877741,0.358995375228001
1,0.51007961735587,-0.34297540073544,-0.137392410193379,0.108327267194679,-0.542657169388701,-0.113785801877741,0.358995375228001
4,0.51007961735587,-0.34297540073544,-0.137392410193379,0.108327267194679,-0.542657169388701,-0.113785801877741,0.358995375228001
3,0.51007961735587,-0.34297540073544,-0.137392410193379,0.108327267194679,-0.542657169388701,-0.113785801877741,0.358995375228001
